-- phpMyAdmin SQL Dump
-- version 3.3.0
-- http://www.phpmyadmin.net
--
-- ホスト: localhost
-- 生成時間: 2015 年 9 月 10 日 01:59
-- サーバのバージョン: 5.1.73
-- PHP のバージョン: 5.3.3

SET SQL_MODE="NO_AUTO_VALUE_ON_ZERO";


/*!40101 SET @OLD_CHARACTER_SET_CLIENT=@@CHARACTER_SET_CLIENT */;
/*!40101 SET @OLD_CHARACTER_SET_RESULTS=@@CHARACTER_SET_RESULTS */;
/*!40101 SET @OLD_COLLATION_CONNECTION=@@COLLATION_CONNECTION */;
/*!40101 SET NAMES utf8 */;

--
-- データベース: `area_hack`
--

-- --------------------------------------------------------

--
-- テーブルの構造 `flag`
--

CREATE TABLE IF NOT EXISTS `flag` (
  `flag_id` int(11) NOT NULL,
  `lat` double NOT NULL,
  `lng` double NOT NULL,
  `joukyou` double NOT NULL DEFAULT '0'
) ENGINE=InnoDB DEFAULT CHARSET=utf8;

--
-- テーブルのデータをダンプしています `flag`
--

INSERT INTO `flag` (`flag_id`, `lat`, `lng`, `joukyou`) VALUES
(1, 35.665722, 139.74022, 1),
(2, 35.665525, 139.739272, 1),
(3, 35.664913, 139.739032, 1),
(4, 35.666189, 139.739612, 0),
(5, 35.666025, 139.739224, 0);

-- --------------------------------------------------------

--
-- テーブルの構造 `matching`
--

CREATE TABLE IF NOT EXISTS `matching` (
  `room_id` int(11) NOT NULL,
  `user_id` int(11) NOT NULL,
  `color` double NOT NULL,
  KEY `room_id` (`room_id`)
) ENGINE=InnoDB DEFAULT CHARSET=utf8;

--
-- テーブルのデータをダンプしています `matching`
--

INSERT INTO `matching` (`room_id`, `user_id`, `color`) VALUES
(1, 2, 1),
(1, 3, -1),
(1, 4, 1),
(1, 5, -1),
(2, 8, 1),
(2, 1, -1),
(2, 6, 1),
(3, 9, 1),
(4, 9, 1),
(5, 9, 1),
(6, 9, 1),
(7, 9, 1),
(8, 9, 1),
(9, 9, 1),
(10, 9, 1),
(11, 9, 1),
(2, 8, -1),
(12, 9, 1),
(13, 46, 1),
(14, 47, 1),
(15, 48, 1),
(16, 51, 1),
(17, 52, 1),
(18, 53, 1),
(19, 54, 1),
(20, 55, 1),
(21, 56, 1),
(22, 57, 1),
(23, 58, 1),
(24, 59, 1),
(25, 60, 1),
(26, 61, 1),
(27, 62, 1),
(28, 64, 1),
(29, 65, 1),
(30, 66, 1),
(31, 67, 1),
(32, 68, 1),
(33, 69, 1),
(34, 70, 1),
(35, 71, 1),
(36, 72, 1),
(37, 73, 1),
(38, 74, 1),
(39, 75, 1),
(40, 76, 1),
(41, 77, 1),
(42, 78, 1),
(43, 79, 1),
(44, 80, 1),
(45, 81, 1),
(46, 82, 1),
(47, 83, 1),
(48, 84, 1),
(49, 85, 1),
(50, 86, 1),
(51, 87, 1),
(52, 88, 1),
(53, 89, 1),
(54, 90, 1),
(55, 91, 1),
(56, 92, 1),
(57, 94, 1),
(58, 95, 1),
(59, 96, 1),
(60, 97, 1),
(61, 98, 1),
(62, 99, 1),
(63, 100, 1),
(64, 101, 1),
(65, 102, 1),
(66, 103, 1),
(67, 104, 1),
(68, 106, 1),
(69, 107, 1),
(70, 108, 1),
(71, 109, 1),
(72, 9, 1),
(73, 119, 1),
(74, 122, 1),
(75, 123, 1),
(76, 124, 1),
(77, 126, 1),
(78, 128, 1),
(79, 129, 1),
(80, 115, 1),
(81, 130, 1),
(82, 132, 1),
(83, 133, 1),
(84, 134, 1),
(85, 137, 1),
(86, 139, 1),
(87, 1, 1),
(88, 141, 1),
(89, 144, 1),
(90, 145, 1),
(91, 147, 1),
(92, 148, 1),
(93, 149, 1),
(94, 150, 1),
(95, 151, 1),
(96, 152, 1),
(97, 153, 1),
(98, 154, 1),
(99, 155, 1),
(100, 156, 1),
(101, 158, 1),
(102, 159, 1),
(103, 162, 1),
(104, 165, 1),
(105, 166, 1),
(106, 168, 1),
(107, 171, 1),
(108, 172, 1),
(109, 173, 1),
(110, 174, 1),
(111, 175, 1),
(112, 176, 1),
(113, 177, 1),
(114, 178, 1),
(115, 179, 1),
(116, 183, 1),
(117, 185, 1),
(118, 190, 1),
(119, 191, 1),
(120, 199, 1),
(121, 9, 1);

-- --------------------------------------------------------

--
-- テーブルの構造 `room`
--

CREATE TABLE IF NOT EXISTS `room` (
  `room_id` int(11) NOT NULL AUTO_INCREMENT,
  `owner_id` int(11) NOT NULL,
  `status` tinyint(4) NOT NULL DEFAULT '1',
  PRIMARY KEY (`room_id`)
) ENGINE=InnoDB  DEFAULT CHARSET=utf8 AUTO_INCREMENT=122 ;

--
-- テーブルのデータをダンプしています `room`
--

INSERT INTO `room` (`room_id`, `owner_id`, `status`) VALUES
(1, 1, 2),
(2, 8, 1),
(3, 9, 1),
(4, 9, 1),
(5, 9, 1),
(6, 9, 1),
(7, 9, 1),
(8, 9, 1),
(9, 9, 1),
(10, 9, 1),
(11, 9, 1),
(12, 9, 1),
(13, 46, 1),
(14, 47, 1),
(15, 48, 1),
(16, 51, 2),
(17, 52, 2),
(18, 53, 2),
(19, 54, 2),
(20, 55, 2),
(21, 56, 2),
(22, 57, 2),
(23, 58, 2),
(24, 59, 2),
(25, 60, 2),
(26, 61, 2),
(27, 62, 2),
(28, 64, 1),
(29, 65, 2),
(30, 66, 2),
(31, 67, 2),
(32, 68, 2),
(33, 69, 2),
(34, 70, 2),
(35, 71, 2),
(36, 72, 2),
(37, 73, 2),
(38, 74, 2),
(39, 75, 2),
(40, 76, 2),
(41, 77, 2),
(42, 78, 2),
(43, 79, 2),
(44, 80, 2),
(45, 81, 2),
(46, 82, 2),
(47, 83, 2),
(48, 84, 2),
(49, 85, 2),
(50, 86, 1),
(51, 87, 1),
(52, 88, 1),
(53, 89, 2),
(54, 90, 2),
(55, 91, 2),
(56, 92, 2),
(57, 94, 2),
(58, 95, 1),
(59, 96, 2),
(60, 97, 1),
(61, 98, 2),
(62, 99, 2),
(63, 100, 2),
(64, 101, 1),
(65, 102, 2),
(66, 103, 1),
(67, 104, 1),
(68, 106, 1),
(69, 107, 1),
(70, 108, 1),
(71, 109, 1),
(72, 9, 1),
(73, 119, 1),
(74, 122, 1),
(75, 123, 1),
(76, 124, 1),
(77, 126, 1),
(78, 128, 1),
(79, 129, 1),
(80, 115, 2),
(81, 130, 1),
(82, 132, 1),
(83, 133, 1),
(84, 134, 1),
(85, 137, 1),
(86, 139, 1),
(87, 1, 1),
(88, 141, 1),
(89, 144, 1),
(90, 145, 1),
(91, 147, 1),
(92, 148, 1),
(93, 149, 1),
(94, 150, 1),
(95, 151, 1),
(96, 152, 1),
(97, 153, 1),
(98, 154, 1),
(99, 155, 1),
(100, 156, 1),
(101, 158, 1),
(102, 159, 1),
(103, 162, 1),
(104, 165, 1),
(105, 166, 1),
(106, 168, 1),
(107, 171, 1),
(108, 172, 1),
(109, 173, 1),
(110, 174, 1),
(111, 175, 1),
(112, 176, 1),
(113, 177, 1),
(114, 178, 1),
(115, 179, 1),
(116, 183, 1),
(117, 185, 1),
(118, 190, 1),
(119, 191, 1),
(120, 199, 1),
(121, 9, 1);

-- --------------------------------------------------------

--
-- テーブルの構造 `user`
--

CREATE TABLE IF NOT EXISTS `user` (
  `user_id` int(11) NOT NULL AUTO_INCREMENT,
  `user_name` varchar(20) NOT NULL,
  `lat` double NOT NULL,
  `lng` double NOT NULL,
  PRIMARY KEY (`user_id`)
) ENGINE=InnoDB  DEFAULT CHARSET=utf8 AUTO_INCREMENT=235 ;

--
-- テーブルのデータをダンプしています `user`
--

INSERT INTO `user` (`user_id`, `user_name`, `lat`, `lng`) VALUES
(1, 'test', 100, 50),
(2, 'hoge', 0, 0),
(3, 'fuga', 0, 0),
(4, 'piyo', 0, 0),
(5, 'hogehoge', 0, 0),
(6, 'fugafuga', 0, 0),
(7, 'piyopiyo', 0, 0),
(8, 'fiz', 0, 0),
(9, 'gotyoooo', 0, 0),
(10, 'ken', 0, 0),
(11, 'baz', 0, 0),
(12, 'teamb', 0, 0),
(13, 'そんし', 0, 0),
(14, 'そんし', 0, 0),
(15, 'そんし', 0, 0),
(16, 'そんし', 0, 0),
(17, 'そんし', 0, 0),
(18, 'そんし', 0, 0),
(19, 'けんじ', 0, 0),
(20, 'けんじ', 0, 0),
(21, 'けんじ', 0, 0),
(22, 'そんし', 0, 0),
(23, 'けんじ', 0, 0),
(24, 'けんじ', 0, 0),
(25, 'けんじ', 0, 0),
(26, 'そんし', 0, 0),
(27, 'そんし', 0, 0),
(28, 'そんし', 0, 0),
(29, 'そんし', 0, 0),
(30, 'そんし', 0, 0),
(31, 'そんし', 0, 0),
(32, 'そんし', 0, 0),
(33, 'そんし', 0, 0),
(34, 'そんし', 0, 0),
(35, 'そんし', 0, 0),
(36, 'そんし', 0, 0),
(37, 'そんし', 0, 0),
(38, 'そんし', 0, 0),
(39, 'そんし', 0, 0),
(40, 'そんし', 0, 0),
(41, 'そんし', 0, 0),
(42, 'そんし', 0, 0),
(43, 'そんし', 0, 0),
(44, 'そんし', 0, 0),
(45, 'そんし', 0, 0),
(46, 'そんし', 0, 0),
(47, 'そんし', 0, 0),
(48, 'そんし', 0, 0),
(49, 'そんし', 0, 0),
(50, 'そんし', 0, 0),
(51, 'そんし', 0, 0),
(52, 'そんし', 0, 0),
(53, 'そんし', 0, 0),
(54, 'そんし', 0, 0),
(55, 'そんし', 0, 0),
(56, 'そんし', 0, 0),
(57, 'そんし', 0, 0),
(58, 'そんし', 0, 0),
(59, 'そんし', 0, 0),
(60, 'そんし', 0, 0),
(61, 'そんし', 0, 0),
(62, 'そんし', 0, 0),
(63, 'そんし', 0, 0),
(64, 'そんし', 0, 0),
(65, 'そんし', 0, 0),
(66, 'そんし', 0, 0),
(67, 'そんし', 0, 0),
(68, 'そんし', 0, 0),
(69, 'そんし', 0, 0),
(70, 'そんし', 0, 0),
(71, 'そんし', 0, 0),
(72, 'そんし', 0, 0),
(73, 'そんし', 0, 0),
(74, 'そんし', 0, 0),
(75, 'そんし', 0, 0),
(76, '尊師', 0, 0),
(77, 'そんし', 0, 0),
(78, 'そんし', 0, 0),
(79, 'そんし', 0, 0),
(80, 'そんし', 0, 0),
(81, 'そんし', 0, 0),
(82, 'そんし', 0, 0),
(83, 'そんし', 0, 0),
(84, 'そんし', 0, 0),
(85, 'そんし', 0, 0),
(86, '尊師', 0, 0),
(87, '尊師', 0, 0),
(88, '尊師', 0, 0),
(89, 'けんじ', 0, 0),
(90, 'けんじ', 0, 0),
(91, 'けんじ', 0, 0),
(92, 'けんじ', 0, 0),
(93, 'けんじ', 0, 0),
(94, 'けんじ', 0, 0),
(95, '尊師', 0, 0),
(96, 'けんじ', 0, 0),
(97, '尊師', 0, 0),
(98, 'けんじ', 0, 0),
(99, 'けんじ', 0, 0),
(100, 'けんじ', 0, 0),
(101, '尊師', 0, 0),
(102, 'けんじ', 0, 0),
(103, '尊師', 0, 0),
(104, '尊師', 0, 0),
(105, 'そんし', 0, 0),
(106, '尊師', 0, 0),
(107, 'そんし', 0, 0),
(108, 'そんし', 0, 0),
(109, 'そんし', 0, 0),
(110, 'そんし', 0, 0),
(111, '尊師', 0, 0),
(112, 'そんし', 0, 0),
(113, 'そんし', 0, 0),
(114, 'そんし', 0, 0),
(115, 'けんじ', 0, 0),
(116, 'そんし', 0, 0),
(117, 'そんし', 0, 0),
(118, 'そんし', 0, 0),
(119, '尊師', 0, 0),
(120, 'そんし', 0, 0),
(121, 'そんし', 0, 0),
(122, '尊師', 0, 0),
(123, '尊師', 0, 0),
(124, '尊師', 0, 0),
(125, 'そんし', 0, 0),
(126, '尊師', 0, 0),
(127, 'そんし', 0, 0),
(128, '尊師', 0, 0),
(129, '尊師', 0, 0),
(130, '尊師', 0, 0),
(131, 'けんじ', 0, 0),
(132, '尊師', 0, 0),
(133, '尊師', 0, 0),
(134, '尊師', 0, 0),
(135, 'そんし', 0, 0),
(136, 'そんし', 0, 0),
(137, '尊師', 0, 0),
(138, 'そんし', 0, 0),
(139, '尊師', 0, 0),
(140, 'そんし', 0, 0),
(141, '尊師', 0, 0),
(142, 'そんし', 0, 0),
(143, 'そんし', 0, 0),
(144, '尊師', 0, 0),
(145, '尊師', 0, 0),
(146, 'そんし', 0, 0),
(147, '尊師', 0, 0),
(148, '尊師', 0, 0),
(149, '尊師', 0, 0),
(150, '尊師', 0, 0),
(151, '尊師', 0, 0),
(152, '尊師', 0, 0),
(153, '尊師', 0, 0),
(154, '尊師', 0, 0),
(155, '尊師', 0, 0),
(156, '尊師', 0, 0),
(157, 'けんじ', 0, 0),
(158, '尊師', 0, 0),
(159, '尊師', 0, 0),
(160, 'そんし', 0, 0),
(161, 'そんし', 0, 0),
(162, '尊師', 0, 0),
(163, 'そんし', 0, 0),
(164, 'けんじ', 0, 0),
(165, '尊師', 0, 0),
(166, '尊師', 0, 0),
(167, 'けんじ', 0, 0),
(168, '尊師', 0, 0),
(169, 'けんじ', 0, 0),
(170, 'けんじ', 0, 0),
(171, '尊師', 0, 0),
(172, '尊師', 0, 0),
(173, '尊師', 0, 0),
(174, '尊師', 0, 0),
(175, '尊師', 0, 0),
(176, '尊師', 0, 0),
(177, '尊師', 0, 0),
(178, '尊師', 0, 0),
(179, '尊師', 0, 0),
(180, 'けんじ', 0, 0),
(181, 'けんじ', 0, 0),
(182, '尊師', 0, 0),
(183, '尊師', 0, 0),
(184, 'けんじ', 0, 0),
(185, '尊師', 0, 0),
(186, 'けんじ', 0, 0),
(187, 'けんじ', 0, 0),
(188, 'けんじ', 0, 0),
(189, 'gotyoooo', 0, 0),
(190, '尊師', 0, 0),
(191, '尊師', 0, 0),
(192, 'そんし', 0, 0),
(193, 'gotyoooo', 0, 0),
(194, 'aa', 0, 0),
(195, 'gotyoooo', 0, 0),
(196, 'gotyoooo', 0, 0),
(197, 'gotyoooo', 0, 0),
(198, 'gotyoooo', 0, 0),
(199, '尊師', 0, 0),
(200, 'gotyoooo', 0, 0),
(201, 'gotyoooo', 0, 0),
(202, 'gotyoooo', 0, 0),
(203, 'そんし', 0, 0),
(204, 'そんし', 0, 0),
(205, 'そんし', 0, 0),
(206, 'そんし', 0, 0),
(207, 'gotyoooo', 0, 0),
(208, 'そんし', 0, 0),
(209, 'そんし', 0, 0),
(210, 'そんし', 0, 0),
(211, 'gotyoooo', 0, 0),
(212, 'aaaa', 0, 0),
(213, 'aaaa', 0, 0),
(214, 'ddwddw', 0, 0),
(215, 'GPS', 0, 0),
(216, 'GPS', 0, 0),
(217, 'GPS', 0, 0),
(218, 'GPS', 0, 0),
(219, 'GPS', 0, 0),
(220, 'GPS', 0, 0),
(221, 'GPS', 0, 0),
(222, 'gotyoooo', 0, 0),
(223, 'gotyoooo', 0, 0),
(224, 'そんし', 0, 0),
(225, 'GPS', 0, 0),
(226, '', 0, 0),
(227, 'aaaaaaaaa', 0, 0),
(228, 'aaaaaaaaa', 0, 0),
(229, 'aaaaaaaaa', 0, 0),
(230, 'aaaaaaaaa', 0, 0),
(231, 'test', 0, 0),
(232, 'test', 0, 0),
(233, 'test', 0, 0),
(234, 'test', 0, 0);
